<?xml version="1.0" encoding="UTF-8" ?>
<!DOCTYPE mapper
        PUBLIC "-//mybatis.org//DTD Mapper 3.0//EN"
        "https://mybatis.org/dtd/mybatis-3-mapper.dtd">
<mapper namespace="com.edu.dao.ProviderMapper">
    <update id="modifyProvider" parameterType="Provider">
        UPDATE smbms_provider
        SET proCode = #{proCode}, proName = #{proName}, proDesc = #{proDesc}, proContact = #{proContact},
        proPhone = #{proPhone}, proAddress = #{proAddress}, proFax = #{proFax}, modifyBy = #{modifyBy},
        modifyDate = #{modifyDate}
        WHERE id = #{id}
    </update>

    <select id="queryProvider" resultType="Provider">
        select *
        from smbms_provider
        <where>
            <if test="proCode != null and proCode != ''">
                AND proCode like CONCAT('%', #{proCode}, '%')
            </if>
            <if test="proName != null and proName != ''">
                AND proName like CONCAT('%', #{proName}, '%')
            </if>
        </where>
    </select>

    <select id="queryProviderById" resultType="Provider">
        select *
        from smbms_provider
        where id = #{id}
    </select>

    <insert id="addProvider" parameterType="Provider">
    INSERT INTO smbms_provider (proCode, proName, proDesc, proContact, proPhone, proAddress, proFax, createdBy,
    creationDate)

    VALUES (#{proCode}, #{proName}, #{proDesc}, #{proContact}, #{proPhone}, #{proAddress}, #{proFax}, #{createdBy},
    #{creationDate})
    </insert>

    <delete id="delProvider" parameterType="int">
        DELETE FROM smbms_provider WHERE id = #{id}
    </delete>

</mapper>