<?xml version="1.0" encoding="UTF-8" ?>
<!DOCTYPE mapper
        PUBLIC "-//mybatis.org//DTD Mapper 3.0//EN"
        "https://mybatis.org/dtd/mybatis-3-mapper.dtd">
<mapper namespace="com.edu.dao.UserMapper">
    <select id="getUserByCodeAndPwd" resultType="User">
        select *
        from smbms_user
        where
        userCode = #{userCode}
        and
        userPassword = #{userPassword}
    </select>

    <select id="queryUser" resultType="User">
        select b.*, r.roleName
        from smbms_user b,
        smbms_role r
        <where>
            b.userRole = r.id
            <if test="userName != null and userName !=''">
                and b.userName like CONCAT('%', #{userName}, '%')
            </if>
            <if test="roleId != null and roleId > 0">
                and b.userRole = #{roleId}
            </if>
        </where>
    </select>

    <select id="getUserByCode" resultType="User">
        select *
        from smbms_user
        where userCode = #{userCode}
    </select>

    <insert id="addUser" parameterType="User">
        INSERT INTO smbms_user
        <trim prefix="(" suffix=")" suffixOverrides=",">
            <if test="userCode != null and userCode != ''">
                userCode,
            </if>
            <if test="userName != null and userName != ''">
                userName,
            </if>
            <if test="userPassword != null and userPassword != ''">
                userPassword,
            </if>
            <if test="gender != null and gender > 0">
                gender,
            </if>
            <if test="birthday != null">
                birthday,
            </if>
            <if test="phone != null and phone != ''">
                phone,
            </if>
            <if test="address != null and address != ''">
                address,
            </if>
            <if test="userRole != null and userRole>0">
                userRole,
            </if>
            <if test="createdBy != null and createdBy >0">
                createdBy,
            </if>
            <if test="creationDate != null">
                creationDate
            </if>
        </trim>
        VALUES
        <trim prefix="(" suffix=")" suffixOverrides=",">
            <if test="userCode != null and userCode != ''">
                #{userCode},
            </if>
            <if test="userName != null and userName != ''">
                #{userName},
            </if>
            <if test="userPassword != null and userPassword != ''">
                #{userPassword},
            </if>
            <if test="gender != null and gender > 0">
                #{gender},
            </if>
            <if test="birthday != null">
                #{birthday},
            </if>
            <if test="phone != null and phone != ''">
                #{phone},
            </if>
            <if test="address != null and address != ''">
                #{address},
            </if>
            <if test="userRole != null and userRole>0">
                #{userRole},
            </if>
            <if test="createdBy != null and createdBy >0">
                #{createdBy},
            </if>
            <if test="creationDate != null">
                #{creationDate}
            </if>
        </trim>
    </insert>

    <select id="getUserById" resultType="User">
        select *
        from smbms_user
        where id = #{id}
    </select>

    <update id="modifyUser" parameterType="User">
        UPDATE smbms_user
        <set>
            <trim suffixOverrides=",">
                <if test="userName != null and userName!=''">userName = #{userName},</if>
                <if test="gender != null and gender>0">gender = #{gender},</if>
                <if test="birthday != null">birthday = #{birthday},</if>
                <if test="phone != null ">phone = #{phone},</if>
                <if test="address != null and address!=''">address = #{address},</if>
                <if test="userRole != null and userRole !=''">userRole = #{userRole},</if>
                <if test="modifyBy != null and modifyBy >0">modifyBy = #{modifyBy},</if>
                <if test="modifyDate != null">modifyDate = #{modifyDate}</if>
            </trim>
        </set>
        WHERE id = #{id}
    </update>

    <update id="modifyUserPwd">
        UPDATE smbms_user
        <set>
            <if test="userPassword != null and userPassword!=''">userPassword = #{userPassword},</if>
            <if test="modifyBy != null and modifyBy >0">modifyBy = #{modifyBy},</if>
            modifyDate = NOW()
        </set>
        WHERE id = #{id}
    </update>

    <delete id="deleteUser">
        delete from smbms_user
        where id = #{id}
    </delete>
</mapper>