<?xml version="1.0" encoding="UTF-8"?>
<beans xmlns="http://www.springframework.org/schema/beans"
       xmlns:xsi="http://www.w3.org/2001/XMLSchema-instance"
       xmlns:mvc="http://www.springframework.org/schema/mvc"
       xmlns:p="http://www.springframework.org/schema/p"
       xmlns:context="http://www.springframework.org/schema/context"
       xsi:schemaLocation="
        http://www.springframework.org/schema/beans
        http://www.springframework.org/schema/beans/spring-beans.xsd
        http://www.springframework.org/schema/context
        http://www.springframework.org/schema/context/spring-context.xsd
        http://www.springframework.org/schema/mvc
        http://www.springframework.org/schema/mvc/spring-mvc.xsd">
    <!--配置接收什么样的请求-->
    <context:component-scan base-package="com.edu.servlet"/>
    <!--配置为支持注解式处理器-->
    <mvc:annotation-driven/>
    <!-- 配置静态资源的处理器，方便处理静态资源文件的请求-->
    <mvc:resources location="/images/" mapping="/images/**"/>
    <mvc:resources location="/js/" mapping="/js/**"/>
    <mvc:resources location="/calendar/" mapping="/calendar/**"/>
    <mvc:resources location="/css/" mapping="/css/**"/>
    <!-- 配置一个视图解析器，内部资源视图解析器 -->
    <!-- 对转向页面的路径解析。prefix：前缀， suffix：后缀 -->
    <bean class="org.springframework.web.servlet.view.InternalResourceViewResolver">
        <property name="prefix" value="/WEB-INF/jsp/"/>
        <property name="suffix" value=".jsp"/>
    </bean>
</beans>